aso_id	rbp	motif_source	motif_id	motif_sequence_or_regex	window_id	match_start	match_end	match_strand	score	evidence_strength	resource_version	resource_url	download_date	status	warning
ASO_4_5_2_4	FMR1	curated_public_consensus_approx	FMR1_ACYK	AC[CT][GT]	ASO_4_5_2_4|ENST00000414786.7|tx5399-5816	184	187	+	NA	weak	curated_consensus_v1	ATtRACT/RBPDB-style consensus (curated)	2026-09-15	motif_scan_ok	Consensus motif approx; not CLIP-validated at this locus
ASO_4_5_2_4	FMR1	curated_public_consensus_approx	FMR1_ACYK	AC[CT][GT]	ASO_4_5_2_4|ENST00000414786.7|tx5399-5816	280	283	+	NA	weak	curated_consensus_v1	ATtRACT/RBPDB-style consensus (curated)	2026-09-15	motif_scan_ok	Consensus motif approx; not CLIP-validated at this locus
ASO_4_5_2_4	FMR1	curated_public_consensus_approx	FMR1_ACYK	AC[CT][GT]	ASO_4_5_2_4|ENST00000414786.7|tx5399-5816	322	325	+	NA	weak	curated_consensus_v1	ATtRACT/RBPDB-style consensus (curated)	2026-09-15	motif_scan_ok	Consensus motif approx; not CLIP-validated at this locus
ASO_4_5_2_4	RBFOX1	curated_public_consensus_approx	RBFOX_GCAUG	GCATG	ASO_4_5_2_4|ENST00000414786.7|tx5399-5816	123	127	+	NA	weak	curated_consensus_v1	ATtRACT/RBPDB-style consensus (curated)	2026-09-15	motif_scan_ok	Consensus motif approx; not CLIP-validated at this locus
ASO_4_5_2_4	RBFOX1	curated_public_consensus_approx	RBFOX_GCAUG	GCATG	ASO_4_5_2_4|ENST00000414786.7|tx5399-5816	332	336	+	NA	weak	curated_consensus_v1	ATtRACT/RBPDB-style consensus (curated)	2026-09-15	motif_scan_ok	Consensus motif approx; not CLIP-validated at this locus
ASO_4_5_2_4	RBFOX3	curated_public_consensus_approx	RBFOX_GCAUG	GCATG	ASO_4_5_2_4|ENST00000414786.7|tx5399-5816	123	127	+	NA	weak	curated_consensus_v1	ATtRACT/RBPDB-style consensus (curated)	2026-09-15	motif_scan_ok	Consensus motif approx; not CLIP-validated at this locus
ASO_4_5_2_4	RBFOX3	curated_public_consensus_approx	RBFOX_GCAUG	GCATG	ASO_4_5_2_4|ENST00000414786.7|tx5399-5816	332	336	+	NA	weak	curated_consensus_v1	ATtRACT/RBPDB-style consensus (curated)	2026-09-15	motif_scan_ok	Consensus motif approx; not CLIP-validated at this locus
ASO_4_5_2_4	FMR1	curated_public_consensus_approx	FMR1_ACYK	AC[CT][GT]	ASO_4_5_2_4|ENST00000673971.2|tx6095-6512	184	187	+	NA	weak	curated_consensus_v1	ATtRACT/RBPDB-style consensus (curated)	2026-09-15	motif_scan_ok	Consensus motif approx; not CLIP-validated at this locus
ASO_4_5_2_4	FMR1	curated_public_consensus_approx	FMR1_ACYK	AC[CT][GT]	ASO_4_5_2_4|ENST00000673971.2|tx6095-6512	280	283	+	NA	weak	curated_consensus_v1	ATtRACT/RBPDB-style consensus (curated)	2026-09-15	motif_scan_ok	Consensus motif approx; not CLIP-validated at this locus
ASO_4_5_2_4	FMR1	curated_public_consensus_approx	FMR1_ACYK	AC[CT][GT]	ASO_4_5_2_4|ENST00000673971.2|tx6095-6512	322	325	+	NA	weak	curated_consensus_v1	ATtRACT/RBPDB-style consensus (curated)	2026-09-15	motif_scan_ok	Consensus motif approx; not CLIP-validated at this locus
ASO_4_5_2_4	RBFOX1	curated_public_consensus_approx	RBFOX_GCAUG	GCATG	ASO_4_5_2_4|ENST00000673971.2|tx6095-6512	123	127	+	NA	weak	curated_consensus_v1	ATtRACT/RBPDB-style consensus (curated)	2026-09-15	motif_scan_ok	Consensus motif approx; not CLIP-validated at this locus
ASO_4_5_2_4	RBFOX1	curated_public_consensus_approx	RBFOX_GCAUG	GCATG	ASO_4_5_2_4|ENST00000673971.2|tx6095-6512	332	336	+	NA	weak	curated_consensus_v1	ATtRACT/RBPDB-style consensus (curated)	2026-09-15	motif_scan_ok	Consensus motif approx; not CLIP-validated at this locus
ASO_4_5_2_4	RBFOX3	curated_public_consensus_approx	RBFOX_GCAUG	GCATG	ASO_4_5_2_4|ENST00000673971.2|tx6095-6512	123	127	+	NA	weak	curated_consensus_v1	ATtRACT/RBPDB-style consensus (curated)	2026-09-15	motif_scan_ok	Consensus motif approx; not CLIP-validated at this locus
ASO_4_5_2_4	RBFOX3	curated_public_consensus_approx	RBFOX_GCAUG	GCATG	ASO_4_5_2_4|ENST00000673971.2|tx6095-6512	332	336	+	NA	weak	curated_consensus_v1	ATtRACT/RBPDB-style consensus (curated)	2026-09-15	motif_scan_ok	Consensus motif approx; not CLIP-validated at this locus
ASO_4_5_2_4	FMR1	curated_public_consensus_approx	FMR1_ACYK	AC[CT][GT]	ASO_4_5_2_4|ENST00000262795.7|tx5265-5682	184	187	+	NA	weak	curated_consensus_v1	ATtRACT/RBPDB-style consensus (curated)	2026-09-15	motif_scan_ok	Consensus motif approx; not CLIP-validated at this locus
ASO_4_5_2_4	FMR1	curated_public_consensus_approx	FMR1_ACYK	AC[CT][GT]	ASO_4_5_2_4|ENST00000262795.7|tx5265-5682	280	283	+	NA	weak	curated_consensus_v1	ATtRACT/RBPDB-style consensus (curated)	2026-09-15	motif_scan_ok	Consensus motif approx; not CLIP-validated at this locus
ASO_4_5_2_4	FMR1	curated_public_consensus_approx	FMR1_ACYK	AC[CT][GT]	ASO_4_5_2_4|ENST00000262795.7|tx5265-5682	322	325	+	NA	weak	curated_consensus_v1	ATtRACT/RBPDB-style consensus (curated)	2026-09-15	motif_scan_ok	Consensus motif approx; not CLIP-validated at this locus
ASO_4_5_2_4	RBFOX1	curated_public_consensus_approx	RBFOX_GCAUG	GCATG	ASO_4_5_2_4|ENST00000262795.7|tx5265-5682	123	127	+	NA	weak	curated_consensus_v1	ATtRACT/RBPDB-style consensus (curated)	2026-09-15	motif_scan_ok	Consensus motif approx; not CLIP-validated at this locus
ASO_4_5_2_4	RBFOX1	curated_public_consensus_approx	RBFOX_GCAUG	GCATG	ASO_4_5_2_4|ENST00000262795.7|tx5265-5682	332	336	+	NA	weak	curated_consensus_v1	ATtRACT/RBPDB-style consensus (curated)	2026-09-15	motif_scan_ok	Consensus motif approx; not CLIP-validated at this locus
ASO_4_5_2_4	RBFOX3	curated_public_consensus_approx	RBFOX_GCAUG	GCATG	ASO_4_5_2_4|ENST00000262795.7|tx5265-5682	123	127	+	NA	weak	curated_consensus_v1	ATtRACT/RBPDB-style consensus (curated)	2026-09-15	motif_scan_ok	Consensus motif approx; not CLIP-validated at this locus
ASO_4_5_2_4	RBFOX3	curated_public_consensus_approx	RBFOX_GCAUG	GCATG	ASO_4_5_2_4|ENST00000262795.7|tx5265-5682	332	336	+	NA	weak	curated_consensus_v1	ATtRACT/RBPDB-style consensus (curated)	2026-09-15	motif_scan_ok	Consensus motif approx; not CLIP-validated at this locus
ASO_4_5_2_4	FMR1	curated_public_consensus_approx	FMR1_ACYK	AC[CT][GT]	ASO_4_5_2_4|ENST00000445220.7|tx3867-4284	184	187	+	NA	weak	curated_consensus_v1	ATtRACT/RBPDB-style consensus (curated)	2026-09-15	motif_scan_ok	Consensus motif approx; not CLIP-validated at this locus
ASO_4_5_2_4	FMR1	curated_public_consensus_approx	FMR1_ACYK	AC[CT][GT]	ASO_4_5_2_4|ENST00000445220.7|tx3867-4284	280	283	+	NA	weak	curated_consensus_v1	ATtRACT/RBPDB-style consensus (curated)	2026-09-15	motif_scan_ok	Consensus motif approx; not CLIP-validated at this locus
ASO_4_5_2_4	FMR1	curated_public_consensus_approx	FMR1_ACYK	AC[CT][GT]	ASO_4_5_2_4|ENST00000445220.7|tx3867-4284	322	325	+	NA	weak	curated_consensus_v1	ATtRACT/RBPDB-style consensus (curated)	2026-09-15	motif_scan_ok	Consensus motif approx; not CLIP-validated at this locus
ASO_4_5_2_4	RBFOX1	curated_public_consensus_approx	RBFOX_GCAUG	GCATG	ASO_4_5_2_4|ENST00000445220.7|tx3867-4284	123	127	+	NA	weak	curated_consensus_v1	ATtRACT/RBPDB-style consensus (curated)	2026-09-15	motif_scan_ok	Consensus motif approx; not CLIP-validated at this locus
ASO_4_5_2_4	RBFOX1	curated_public_consensus_approx	RBFOX_GCAUG	GCATG	ASO_4_5_2_4|ENST00000445220.7|tx3867-4284	332	336	+	NA	weak	curated_consensus_v1	ATtRACT/RBPDB-style consensus (curated)	2026-09-15	motif_scan_ok	Consensus motif approx; not CLIP-validated at this locus
ASO_4_5_2_4	RBFOX3	curated_public_consensus_approx	RBFOX_GCAUG	GCATG	ASO_4_5_2_4|ENST00000445220.7|tx3867-4284	123	127	+	NA	weak	curated_consensus_v1	ATtRACT/RBPDB-style consensus (curated)	2026-09-15	motif_scan_ok	Consensus motif approx; not CLIP-validated at this locus
ASO_4_5_2_4	RBFOX3	curated_public_consensus_approx	RBFOX_GCAUG	GCATG	ASO_4_5_2_4|ENST00000445220.7|tx3867-4284	332	336	+	NA	weak	curated_consensus_v1	ATtRACT/RBPDB-style consensus (curated)	2026-09-15	motif_scan_ok	Consensus motif approx; not CLIP-validated at this locus
ASO_4_5_2_4	FMR1	curated_public_consensus_approx	FMR1_ACYK	AC[CT][GT]	ASO_4_5_2_4|ENST00000664402.2|tx3761-4178	184	187	+	NA	weak	curated_consensus_v1	ATtRACT/RBPDB-style consensus (curated)	2026-09-15	motif_scan_ok	Consensus motif approx; not CLIP-validated at this locus
ASO_4_5_2_4	FMR1	curated_public_consensus_approx	FMR1_ACYK	AC[CT][GT]	ASO_4_5_2_4|ENST00000664402.2|tx3761-4178	280	283	+	NA	weak	curated_consensus_v1	ATtRACT/RBPDB-style consensus (curated)	2026-09-15	motif_scan_ok	Consensus motif approx; not CLIP-validated at this locus
ASO_4_5_2_4	FMR1	curated_public_consensus_approx	FMR1_ACYK	AC[CT][GT]	ASO_4_5_2_4|ENST00000664402.2|tx3761-4178	322	325	+	NA	weak	curated_consensus_v1	ATtRACT/RBPDB-style consensus (curated)	2026-09-15	motif_scan_ok	Consensus motif approx; not CLIP-validated at this locus
ASO_4_5_2_4	RBFOX1	curated_public_consensus_approx	RBFOX_GCAUG	GCATG	ASO_4_5_2_4|ENST00000664402.2|tx3761-4178	123	127	+	NA	weak	curated_consensus_v1	ATtRACT/RBPDB-style consensus (curated)	2026-09-15	motif_scan_ok	Consensus motif approx; not CLIP-validated at this locus
ASO_4_5_2_4	RBFOX1	curated_public_consensus_approx	RBFOX_GCAUG	GCATG	ASO_4_5_2_4|ENST00000664402.2|tx3761-4178	332	336	+	NA	weak	curated_consensus_v1	ATtRACT/RBPDB-style consensus (curated)	2026-09-15	motif_scan_ok	Consensus motif approx; not CLIP-validated at this locus
ASO_4_5_2_4	RBFOX3	curated_public_consensus_approx	RBFOX_GCAUG	GCATG	ASO_4_5_2_4|ENST00000664402.2|tx3761-4178	123	127	+	NA	weak	curated_consensus_v1	ATtRACT/RBPDB-style consensus (curated)	2026-09-15	motif_scan_ok	Consensus motif approx; not CLIP-validated at this locus
ASO_4_5_2_4	RBFOX3	curated_public_consensus_approx	RBFOX_GCAUG	GCATG	ASO_4_5_2_4|ENST00000664402.2|tx3761-4178	332	336	+	NA	weak	curated_consensus_v1	ATtRACT/RBPDB-style consensus (curated)	2026-09-15	motif_scan_ok	Consensus motif approx; not CLIP-validated at this locus
ASO_4_5_2_4	FMR1	curated_public_consensus_approx	FMR1_ACYK	AC[CT][GT]	ASO_4_5_2_4|ENST00000710353.1|tx5782-6199	184	187	+	NA	weak	curated_consensus_v1	ATtRACT/RBPDB-style consensus (curated)	2026-09-15	motif_scan_ok	Consensus motif approx; not CLIP-validated at this locus
ASO_4_5_2_4	FMR1	curated_public_consensus_approx	FMR1_ACYK	AC[CT][GT]	ASO_4_5_2_4|ENST00000710353.1|tx5782-6199	280	283	+	NA	weak	curated_consensus_v1	ATtRACT/RBPDB-style consensus (curated)	2026-09-15	motif_scan_ok	Consensus motif approx; not CLIP-validated at this locus
ASO_4_5_2_4	FMR1	curated_public_consensus_approx	FMR1_ACYK	AC[CT][GT]	ASO_4_5_2_4|ENST00000710353.1|tx5782-6199	322	325	+	NA	weak	curated_consensus_v1	ATtRACT/RBPDB-style consensus (curated)	2026-09-15	motif_scan_ok	Consensus motif approx; not CLIP-validated at this locus
ASO_4_5_2_4	RBFOX1	curated_public_consensus_approx	RBFOX_GCAUG	GCATG	ASO_4_5_2_4|ENST00000710353.1|tx5782-6199	123	127	+	NA	weak	curated_consensus_v1	ATtRACT/RBPDB-style consensus (curated)	2026-09-15	motif_scan_ok	Consensus motif approx; not CLIP-validated at this locus
ASO_4_5_2_4	RBFOX1	curated_public_consensus_approx	RBFOX_GCAUG	GCATG	ASO_4_5_2_4|ENST00000710353.1|tx5782-6199	332	336	+	NA	weak	curated_consensus_v1	ATtRACT/RBPDB-style consensus (curated)	2026-09-15	motif_scan_ok	Consensus motif approx; not CLIP-validated at this locus
ASO_4_5_2_4	RBFOX3	curated_public_consensus_approx	RBFOX_GCAUG	GCATG	ASO_4_5_2_4|ENST00000710353.1|tx5782-6199	123	127	+	NA	weak	curated_consensus_v1	ATtRACT/RBPDB-style consensus (curated)	2026-09-15	motif_scan_ok	Consensus motif approx; not CLIP-validated at this locus
ASO_4_5_2_4	RBFOX3	curated_public_consensus_approx	RBFOX_GCAUG	GCATG	ASO_4_5_2_4|ENST00000710353.1|tx5782-6199	332	336	+	NA	weak	curated_consensus_v1	ATtRACT/RBPDB-style consensus (curated)	2026-09-15	motif_scan_ok	Consensus motif approx; not CLIP-validated at this locus
ASO_4_5_2_6	FMR1	curated_public_consensus_approx	FMR1_ACYK	AC[CT][GT]	ASO_4_5_2_6|ENST00000414786.7|tx5363-5780	220	223	+	NA	weak	curated_consensus_v1	ATtRACT/RBPDB-style consensus (curated)	2026-09-15	motif_scan_ok	Consensus motif approx; not CLIP-validated at this locus
ASO_4_5_2_6	FMR1	curated_public_consensus_approx	FMR1_ACYK	AC[CT][GT]	ASO_4_5_2_6|ENST00000414786.7|tx5363-5780	316	319	+	NA	weak	curated_consensus_v1	ATtRACT/RBPDB-style consensus (curated)	2026-09-15	motif_scan_ok	Consensus motif approx; not CLIP-validated at this locus
ASO_4_5_2_6	FMR1	curated_public_consensus_approx	FMR1_ACYK	AC[CT][GT]	ASO_4_5_2_6|ENST00000414786.7|tx5363-5780	358	361	+	NA	weak	curated_consensus_v1	ATtRACT/RBPDB-style consensus (curated)	2026-09-15	motif_scan_ok	Consensus motif approx; not CLIP-validated at this locus
ASO_4_5_2_6	RBFOX1	curated_public_consensus_approx	RBFOX_GCAUG	GCATG	ASO_4_5_2_6|ENST00000414786.7|tx5363-5780	3	7	+	NA	weak	curated_consensus_v1	ATtRACT/RBPDB-style consensus (curated)	2026-09-15	motif_scan_ok	Consensus motif approx; not CLIP-validated at this locus
ASO_4_5_2_6	RBFOX1	curated_public_consensus_approx	RBFOX_GCAUG	GCATG	ASO_4_5_2_6|ENST00000414786.7|tx5363-5780	159	163	+	NA	weak	curated_consensus_v1	ATtRACT/RBPDB-style consensus (curated)	2026-09-15	motif_scan_ok	Consensus motif approx; not CLIP-validated at this locus
ASO_4_5_2_6	RBFOX1	curated_public_consensus_approx	RBFOX_GCAUG	GCATG	ASO_4_5_2_6|ENST00000414786.7|tx5363-5780	368	372	+	NA	weak	curated_consensus_v1	ATtRACT/RBPDB-style consensus (curated)	2026-09-15	motif_scan_ok	Consensus motif approx; not CLIP-validated at this locus
ASO_4_5_2_6	RBFOX3	curated_public_consensus_approx	RBFOX_GCAUG	GCATG	ASO_4_5_2_6|ENST00000414786.7|tx5363-5780	3	7	+	NA	weak	curated_consensus_v1	ATtRACT/RBPDB-style consensus (curated)	2026-09-15	motif_scan_ok	Consensus motif approx; not CLIP-validated at this locus
ASO_4_5_2_6	RBFOX3	curated_public_consensus_approx	RBFOX_GCAUG	GCATG	ASO_4_5_2_6|ENST00000414786.7|tx5363-5780	159	163	+	NA	weak	curated_consensus_v1	ATtRACT/RBPDB-style consensus (curated)	2026-09-15	motif_scan_ok	Consensus motif approx; not CLIP-validated at this locus
ASO_4_5_2_6	RBFOX3	curated_public_consensus_approx	RBFOX_GCAUG	GCATG	ASO_4_5_2_6|ENST00000414786.7|tx5363-5780	368	372	+	NA	weak	curated_consensus_v1	ATtRACT/RBPDB-style consensus (curated)	2026-09-15	motif_scan_ok	Consensus motif approx; not CLIP-validated at this locus
ASO_4_5_2_6	FMR1	curated_public_consensus_approx	FMR1_ACYK	AC[CT][GT]	ASO_4_5_2_6|ENST00000673971.2|tx6059-6476	220	223	+	NA	weak	curated_consensus_v1	ATtRACT/RBPDB-style consensus (curated)	2026-09-15	motif_scan_ok	Consensus motif approx; not CLIP-validated at this locus
ASO_4_5_2_6	FMR1	curated_public_consensus_approx	FMR1_ACYK	AC[CT][GT]	ASO_4_5_2_6|ENST00000673971.2|tx6059-6476	316	319	+	NA	weak	curated_consensus_v1	ATtRACT/RBPDB-style consensus (curated)	2026-09-15	motif_scan_ok	Consensus motif approx; not CLIP-validated at this locus
ASO_4_5_2_6	FMR1	curated_public_consensus_approx	FMR1_ACYK	AC[CT][GT]	ASO_4_5_2_6|ENST00000673971.2|tx6059-6476	358	361	+	NA	weak	curated_consensus_v1	ATtRACT/RBPDB-style consensus (curated)	2026-09-15	motif_scan_ok	Consensus motif approx; not CLIP-validated at this locus
ASO_4_5_2_6	RBFOX1	curated_public_consensus_approx	RBFOX_GCAUG	GCATG	ASO_4_5_2_6|ENST00000673971.2|tx6059-6476	3	7	+	NA	weak	curated_consensus_v1	ATtRACT/RBPDB-style consensus (curated)	2026-09-15	motif_scan_ok	Consensus motif approx; not CLIP-validated at this locus
ASO_4_5_2_6	RBFOX1	curated_public_consensus_approx	RBFOX_GCAUG	GCATG	ASO_4_5_2_6|ENST00000673971.2|tx6059-6476	159	163	+	NA	weak	curated_consensus_v1	ATtRACT/RBPDB-style consensus (curated)	2026-09-15	motif_scan_ok	Consensus motif approx; not CLIP-validated at this locus
ASO_4_5_2_6	RBFOX1	curated_public_consensus_approx	RBFOX_GCAUG	GCATG	ASO_4_5_2_6|ENST00000673971.2|tx6059-6476	368	372	+	NA	weak	curated_consensus_v1	ATtRACT/RBPDB-style consensus (curated)	2026-09-15	motif_scan_ok	Consensus motif approx; not CLIP-validated at this locus
ASO_4_5_2_6	RBFOX3	curated_public_consensus_approx	RBFOX_GCAUG	GCATG	ASO_4_5_2_6|ENST00000673971.2|tx6059-6476	3	7	+	NA	weak	curated_consensus_v1	ATtRACT/RBPDB-style consensus (curated)	2026-09-15	motif_scan_ok	Consensus motif approx; not CLIP-validated at this locus
ASO_4_5_2_6	RBFOX3	curated_public_consensus_approx	RBFOX_GCAUG	GCATG	ASO_4_5_2_6|ENST00000673971.2|tx6059-6476	159	163	+	NA	weak	curated_consensus_v1	ATtRACT/RBPDB-style consensus (curated)	2026-09-15	motif_scan_ok	Consensus motif approx; not CLIP-validated at this locus
ASO_4_5_2_6	RBFOX3	curated_public_consensus_approx	RBFOX_GCAUG	GCATG	ASO_4_5_2_6|ENST00000673971.2|tx6059-6476	368	372	+	NA	weak	curated_consensus_v1	ATtRACT/RBPDB-style consensus (curated)	2026-09-15	motif_scan_ok	Consensus motif approx; not CLIP-validated at this locus
ASO_4_5_2_6	FMR1	curated_public_consensus_approx	FMR1_ACYK	AC[CT][GT]	ASO_4_5_2_6|ENST00000262795.7|tx5229-5646	220	223	+	NA	weak	curated_consensus_v1	ATtRACT/RBPDB-style consensus (curated)	2026-09-15	motif_scan_ok	Consensus motif approx; not CLIP-validated at this locus
ASO_4_5_2_6	FMR1	curated_public_consensus_approx	FMR1_ACYK	AC[CT][GT]	ASO_4_5_2_6|ENST00000262795.7|tx5229-5646	316	319	+	NA	weak	curated_consensus_v1	ATtRACT/RBPDB-style consensus (curated)	2026-09-15	motif_scan_ok	Consensus motif approx; not CLIP-validated at this locus
ASO_4_5_2_6	FMR1	curated_public_consensus_approx	FMR1_ACYK	AC[CT][GT]	ASO_4_5_2_6|ENST00000262795.7|tx5229-5646	358	361	+	NA	weak	curated_consensus_v1	ATtRACT/RBPDB-style consensus (curated)	2026-09-15	motif_scan_ok	Consensus motif approx; not CLIP-validated at this locus
ASO_4_5_2_6	RBFOX1	curated_public_consensus_approx	RBFOX_GCAUG	GCATG	ASO_4_5_2_6|ENST00000262795.7|tx5229-5646	3	7	+	NA	weak	curated_consensus_v1	ATtRACT/RBPDB-style consensus (curated)	2026-09-15	motif_scan_ok	Consensus motif approx; not CLIP-validated at this locus
ASO_4_5_2_6	RBFOX1	curated_public_consensus_approx	RBFOX_GCAUG	GCATG	ASO_4_5_2_6|ENST00000262795.7|tx5229-5646	159	163	+	NA	weak	curated_consensus_v1	ATtRACT/RBPDB-style consensus (curated)	2026-09-15	motif_scan_ok	Consensus motif approx; not CLIP-validated at this locus
ASO_4_5_2_6	RBFOX1	curated_public_consensus_approx	RBFOX_GCAUG	GCATG	ASO_4_5_2_6|ENST00000262795.7|tx5229-5646	368	372	+	NA	weak	curated_consensus_v1	ATtRACT/RBPDB-style consensus (curated)	2026-09-15	motif_scan_ok	Consensus motif approx; not CLIP-validated at this locus
ASO_4_5_2_6	RBFOX3	curated_public_consensus_approx	RBFOX_GCAUG	GCATG	ASO_4_5_2_6|ENST00000262795.7|tx5229-5646	3	7	+	NA	weak	curated_consensus_v1	ATtRACT/RBPDB-style consensus (curated)	2026-09-15	motif_scan_ok	Consensus motif approx; not CLIP-validated at this locus
ASO_4_5_2_6	RBFOX3	curated_public_consensus_approx	RBFOX_GCAUG	GCATG	ASO_4_5_2_6|ENST00000262795.7|tx5229-5646	159	163	+	NA	weak	curated_consensus_v1	ATtRACT/RBPDB-style consensus (curated)	2026-09-15	motif_scan_ok	Consensus motif approx; not CLIP-validated at this locus
ASO_4_5_2_6	RBFOX3	curated_public_consensus_approx	RBFOX_GCAUG	GCATG	ASO_4_5_2_6|ENST00000262795.7|tx5229-5646	368	372	+	NA	weak	curated_consensus_v1	ATtRACT/RBPDB-style consensus (curated)	2026-09-15	motif_scan_ok	Consensus motif approx; not CLIP-validated at this locus
ASO_4_5_2_6	FMR1	curated_public_consensus_approx	FMR1_ACYK	AC[CT][GT]	ASO_4_5_2_6|ENST00000445220.7|tx3831-4248	220	223	+	NA	weak	curated_consensus_v1	ATtRACT/RBPDB-style consensus (curated)	2026-09-15	motif_scan_ok	Consensus motif approx; not CLIP-validated at this locus
ASO_4_5_2_6	FMR1	curated_public_consensus_approx	FMR1_ACYK	AC[CT][GT]	ASO_4_5_2_6|ENST00000445220.7|tx3831-4248	316	319	+	NA	weak	curated_consensus_v1	ATtRACT/RBPDB-style consensus (curated)	2026-09-15	motif_scan_ok	Consensus motif approx; not CLIP-validated at this locus
ASO_4_5_2_6	FMR1	curated_public_consensus_approx	FMR1_ACYK	AC[CT][GT]	ASO_4_5_2_6|ENST00000445220.7|tx3831-4248	358	361	+	NA	weak	curated_consensus_v1	ATtRACT/RBPDB-style consensus (curated)	2026-09-15	motif_scan_ok	Consensus motif approx; not CLIP-validated at this locus
ASO_4_5_2_6	RBFOX1	curated_public_consensus_approx	RBFOX_GCAUG	GCATG	ASO_4_5_2_6|ENST00000445220.7|tx3831-4248	3	7	+	NA	weak	curated_consensus_v1	ATtRACT/RBPDB-style consensus (curated)	2026-09-15	motif_scan_ok	Consensus motif approx; not CLIP-validated at this locus
ASO_4_5_2_6	RBFOX1	curated_public_consensus_approx	RBFOX_GCAUG	GCATG	ASO_4_5_2_6|ENST00000445220.7|tx3831-4248	159	163	+	NA	weak	curated_consensus_v1	ATtRACT/RBPDB-style consensus (curated)	2026-09-15	motif_scan_ok	Consensus motif approx; not CLIP-validated at this locus
ASO_4_5_2_6	RBFOX1	curated_public_consensus_approx	RBFOX_GCAUG	GCATG	ASO_4_5_2_6|ENST00000445220.7|tx3831-4248	368	372	+	NA	weak	curated_consensus_v1	ATtRACT/RBPDB-style consensus (curated)	2026-09-15	motif_scan_ok	Consensus motif approx; not CLIP-validated at this locus
ASO_4_5_2_6	RBFOX3	curated_public_consensus_approx	RBFOX_GCAUG	GCATG	ASO_4_5_2_6|ENST00000445220.7|tx3831-4248	3	7	+	NA	weak	curated_consensus_v1	ATtRACT/RBPDB-style consensus (curated)	2026-09-15	motif_scan_ok	Consensus motif approx; not CLIP-validated at this locus
ASO_4_5_2_6	RBFOX3	curated_public_consensus_approx	RBFOX_GCAUG	GCATG	ASO_4_5_2_6|ENST00000445220.7|tx3831-4248	159	163	+	NA	weak	curated_consensus_v1	ATtRACT/RBPDB-style consensus (curated)	2026-09-15	motif_scan_ok	Consensus motif approx; not CLIP-validated at this locus
ASO_4_5_2_6	RBFOX3	curated_public_consensus_approx	RBFOX_GCAUG	GCATG	ASO_4_5_2_6|ENST00000445220.7|tx3831-4248	368	372	+	NA	weak	curated_consensus_v1	ATtRACT/RBPDB-style consensus (curated)	2026-09-15	motif_scan_ok	Consensus motif approx; not CLIP-validated at this locus
ASO_4_5_2_6	FMR1	curated_public_consensus_approx	FMR1_ACYK	AC[CT][GT]	ASO_4_5_2_6|ENST00000664402.2|tx3725-4142	220	223	+	NA	weak	curated_consensus_v1	ATtRACT/RBPDB-style consensus (curated)	2026-09-15	motif_scan_ok	Consensus motif approx; not CLIP-validated at this locus
ASO_4_5_2_6	FMR1	curated_public_consensus_approx	FMR1_ACYK	AC[CT][GT]	ASO_4_5_2_6|ENST00000664402.2|tx3725-4142	316	319	+	NA	weak	curated_consensus_v1	ATtRACT/RBPDB-style consensus (curated)	2026-09-15	motif_scan_ok	Consensus motif approx; not CLIP-validated at this locus
ASO_4_5_2_6	FMR1	curated_public_consensus_approx	FMR1_ACYK	AC[CT][GT]	ASO_4_5_2_6|ENST00000664402.2|tx3725-4142	358	361	+	NA	weak	curated_consensus_v1	ATtRACT/RBPDB-style consensus (curated)	2026-09-15	motif_scan_ok	Consensus motif approx; not CLIP-validated at this locus
ASO_4_5_2_6	RBFOX1	curated_public_consensus_approx	RBFOX_GCAUG	GCATG	ASO_4_5_2_6|ENST00000664402.2|tx3725-4142	3	7	+	NA	weak	curated_consensus_v1	ATtRACT/RBPDB-style consensus (curated)	2026-09-15	motif_scan_ok	Consensus motif approx; not CLIP-validated at this locus
ASO_4_5_2_6	RBFOX1	curated_public_consensus_approx	RBFOX_GCAUG	GCATG	ASO_4_5_2_6|ENST00000664402.2|tx3725-4142	159	163	+	NA	weak	curated_consensus_v1	ATtRACT/RBPDB-style consensus (curated)	2026-09-15	motif_scan_ok	Consensus motif approx; not CLIP-validated at this locus
ASO_4_5_2_6	RBFOX1	curated_public_consensus_approx	RBFOX_GCAUG	GCATG	ASO_4_5_2_6|ENST00000664402.2|tx3725-4142	368	372	+	NA	weak	curated_consensus_v1	ATtRACT/RBPDB-style consensus (curated)	2026-09-15	motif_scan_ok	Consensus motif approx; not CLIP-validated at this locus
ASO_4_5_2_6	RBFOX3	curated_public_consensus_approx	RBFOX_GCAUG	GCATG	ASO_4_5_2_6|ENST00000664402.2|tx3725-4142	3	7	+	NA	weak	curated_consensus_v1	ATtRACT/RBPDB-style consensus (curated)	2026-09-15	motif_scan_ok	Consensus motif approx; not CLIP-validated at this locus
ASO_4_5_2_6	RBFOX3	curated_public_consensus_approx	RBFOX_GCAUG	GCATG	ASO_4_5_2_6|ENST00000664402.2|tx3725-4142	159	163	+	NA	weak	curated_consensus_v1	ATtRACT/RBPDB-style consensus (curated)	2026-09-15	motif_scan_ok	Consensus motif approx; not CLIP-validated at this locus
ASO_4_5_2_6	RBFOX3	curated_public_consensus_approx	RBFOX_GCAUG	GCATG	ASO_4_5_2_6|ENST00000664402.2|tx3725-4142	368	372	+	NA	weak	curated_consensus_v1	ATtRACT/RBPDB-style consensus (curated)	2026-09-15	motif_scan_ok	Consensus motif approx; not CLIP-validated at this locus
ASO_4_5_2_6	FMR1	curated_public_consensus_approx	FMR1_ACYK	AC[CT][GT]	ASO_4_5_2_6|ENST00000659388.1|tx683-934	220	223	+	NA	weak	curated_consensus_v1	ATtRACT/RBPDB-style consensus (curated)	2026-09-15	motif_scan_ok	Consensus motif approx; not CLIP-validated at this locus
ASO_4_5_2_6	RBFOX1	curated_public_consensus_approx	RBFOX_GCAUG	GCATG	ASO_4_5_2_6|ENST00000659388.1|tx683-934	3	7	+	NA	weak	curated_consensus_v1	ATtRACT/RBPDB-style consensus (curated)	2026-09-15	motif_scan_ok	Consensus motif approx; not CLIP-validated at this locus
ASO_4_5_2_6	RBFOX1	curated_public_consensus_approx	RBFOX_GCAUG	GCATG	ASO_4_5_2_6|ENST00000659388.1|tx683-934	159	163	+	NA	weak	curated_consensus_v1	ATtRACT/RBPDB-style consensus (curated)	2026-09-15	motif_scan_ok	Consensus motif approx; not CLIP-validated at this locus
ASO_4_5_2_6	RBFOX3	curated_public_consensus_approx	RBFOX_GCAUG	GCATG	ASO_4_5_2_6|ENST00000659388.1|tx683-934	3	7	+	NA	weak	curated_consensus_v1	ATtRACT/RBPDB-style consensus (curated)	2026-09-15	motif_scan_ok	Consensus motif approx; not CLIP-validated at this locus
ASO_4_5_2_6	RBFOX3	curated_public_consensus_approx	RBFOX_GCAUG	GCATG	ASO_4_5_2_6|ENST00000659388.1|tx683-934	159	163	+	NA	weak	curated_consensus_v1	ATtRACT/RBPDB-style consensus (curated)	2026-09-15	motif_scan_ok	Consensus motif approx; not CLIP-validated at this locus
ASO_4_5_2_6	FMR1	curated_public_consensus_approx	FMR1_ACYK	AC[CT][GT]	ASO_4_5_2_6|ENST00000710353.1|tx5746-6163	220	223	+	NA	weak	curated_consensus_v1	ATtRACT/RBPDB-style consensus (curated)	2026-09-15	motif_scan_ok	Consensus motif approx; not CLIP-validated at this locus
ASO_4_5_2_6	FMR1	curated_public_consensus_approx	FMR1_ACYK	AC[CT][GT]	ASO_4_5_2_6|ENST00000710353.1|tx5746-6163	316	319	+	NA	weak	curated_consensus_v1	ATtRACT/RBPDB-style consensus (curated)	2026-09-15	motif_scan_ok	Consensus motif approx; not CLIP-validated at this locus
ASO_4_5_2_6	FMR1	curated_public_consensus_approx	FMR1_ACYK	AC[CT][GT]	ASO_4_5_2_6|ENST00000710353.1|tx5746-6163	358	361	+	NA	weak	curated_consensus_v1	ATtRACT/RBPDB-style consensus (curated)	2026-09-15	motif_scan_ok	Consensus motif approx; not CLIP-validated at this locus
ASO_4_5_2_6	RBFOX1	curated_public_consensus_approx	RBFOX_GCAUG	GCATG	ASO_4_5_2_6|ENST00000710353.1|tx5746-6163	3	7	+	NA	weak	curated_consensus_v1	ATtRACT/RBPDB-style consensus (curated)	2026-09-15	motif_scan_ok	Consensus motif approx; not CLIP-validated at this locus
ASO_4_5_2_6	RBFOX1	curated_public_consensus_approx	RBFOX_GCAUG	GCATG	ASO_4_5_2_6|ENST00000710353.1|tx5746-6163	159	163	+	NA	weak	curated_consensus_v1	ATtRACT/RBPDB-style consensus (curated)	2026-09-15	motif_scan_ok	Consensus motif approx; not CLIP-validated at this locus
ASO_4_5_2_6	RBFOX1	curated_public_consensus_approx	RBFOX_GCAUG	GCATG	ASO_4_5_2_6|ENST00000710353.1|tx5746-6163	368	372	+	NA	weak	curated_consensus_v1	ATtRACT/RBPDB-style consensus (curated)	2026-09-15	motif_scan_ok	Consensus motif approx; not CLIP-validated at this locus
ASO_4_5_2_6	RBFOX3	curated_public_consensus_approx	RBFOX_GCAUG	GCATG	ASO_4_5_2_6|ENST00000710353.1|tx5746-6163	3	7	+	NA	weak	curated_consensus_v1	ATtRACT/RBPDB-style consensus (curated)	2026-09-15	motif_scan_ok	Consensus motif approx; not CLIP-validated at this locus
ASO_4_5_2_6	RBFOX3	curated_public_consensus_approx	RBFOX_GCAUG	GCATG	ASO_4_5_2_6|ENST00000710353.1|tx5746-6163	159	163	+	NA	weak	curated_consensus_v1	ATtRACT/RBPDB-style consensus (curated)	2026-09-15	motif_scan_ok	Consensus motif approx; not CLIP-validated at this locus
ASO_4_5_2_6	RBFOX3	curated_public_consensus_approx	RBFOX_GCAUG	GCATG	ASO_4_5_2_6|ENST00000710353.1|tx5746-6163	368	372	+	NA	weak	curated_consensus_v1	ATtRACT/RBPDB-style consensus (curated)	2026-09-15	motif_scan_ok	Consensus motif approx; not CLIP-validated at this locus
