aso_id	rbp	score	rbp_class	regulatory_direction_hint	rna_process	has_clip_0nt	has_motif	has_expression_prior	score_rationale	phenotype	status	warning	rank	in_top_report
ASO_4_5_2_4	PTBP2	4	repressive	repressive_splicing	splicing	FALSE	FALSE	TRUE	+1 expression prior | +2 repressive function (occlusion could increase expression) | +1 splicing/processing	increased_SHANK3_expression	scored	Scores are transparent heuristics; not experimental validation	1	TRUE
ASO_4_5_2_6	PTBP2	4	repressive	repressive_splicing	splicing	FALSE	FALSE	TRUE	+1 expression prior | +2 repressive function (occlusion could increase expression) | +1 splicing/processing	increased_SHANK3_expression	scored	Scores are transparent heuristics; not experimental validation	1	TRUE
ASO_4_5_2_4	RBFOX1	4	splicing	context_dependent	splicing	FALSE	TRUE	TRUE	+3 motif+expression | +1 splicing/processing	increased_SHANK3_expression	scored	Scores are transparent heuristics; not experimental validation	2	TRUE
ASO_4_5_2_6	RBFOX1	4	splicing	context_dependent	splicing	FALSE	TRUE	TRUE	+3 motif+expression | +1 splicing/processing	increased_SHANK3_expression	scored	Scores are transparent heuristics; not experimental validation	2	TRUE
ASO_4_5_2_4	RBFOX3	4	splicing	context_dependent	splicing	FALSE	TRUE	TRUE	+3 motif+expression | +1 splicing/processing	increased_SHANK3_expression	scored	Scores are transparent heuristics; not experimental validation	3	TRUE
ASO_4_5_2_6	RBFOX3	4	splicing	context_dependent	splicing	FALSE	TRUE	TRUE	+3 motif+expression | +1 splicing/processing	increased_SHANK3_expression	scored	Scores are transparent heuristics; not experimental validation	3	TRUE
ASO_4_5_2_4	SRSF1	4	activating_stabilizing	activating_splicing	splicing	FALSE	FALSE	TRUE	+1 expression prior | +2 activating/stabilizing function (phenotype-compatible if occlusion relieves repression OR displacement of repressor — context needed) | +1 splicing/processing	increased_SHANK3_expression	scored	Scores are transparent heuristics; not experimental validation	4	TRUE
ASO_4_5_2_6	SRSF1	4	activating_stabilizing	activating_splicing	splicing	FALSE	FALSE	TRUE	+1 expression prior | +2 activating/stabilizing function (phenotype-compatible if occlusion relieves repression OR displacement of repressor — context needed) | +1 splicing/processing	increased_SHANK3_expression	scored	Scores are transparent heuristics; not experimental validation	4	TRUE
ASO_4_5_2_4	AGO2	3	repressive	repressive	repression	FALSE	FALSE	TRUE	+1 expression prior | +2 repressive function (occlusion could increase expression)	increased_SHANK3_expression	scored	Scores are transparent heuristics; not experimental validation	5	TRUE
ASO_4_5_2_6	AGO2	3	repressive	repressive	repression	FALSE	FALSE	TRUE	+1 expression prior | +2 repressive function (occlusion could increase expression)	increased_SHANK3_expression	scored	Scores are transparent heuristics; not experimental validation	5	TRUE
ASO_4_5_2_4	ELAVL2	3	activating_stabilizing	activating_stabilizing	stabilization	FALSE	FALSE	TRUE	+1 expression prior | +2 activating/stabilizing function (phenotype-compatible if occlusion relieves repression OR displacement of repressor — context needed)	increased_SHANK3_expression	scored	Scores are transparent heuristics; not experimental validation	6	FALSE
ASO_4_5_2_6	ELAVL2	3	activating_stabilizing	activating_stabilizing	stabilization	FALSE	FALSE	TRUE	+1 expression prior | +2 activating/stabilizing function (phenotype-compatible if occlusion relieves repression OR displacement of repressor — context needed)	increased_SHANK3_expression	scored	Scores are transparent heuristics; not experimental validation	6	FALSE
ASO_4_5_2_4	ELAVL4	3	activating_stabilizing	activating_stabilizing	stabilization	FALSE	FALSE	TRUE	+1 expression prior | +2 activating/stabilizing function (phenotype-compatible if occlusion relieves repression OR displacement of repressor — context needed)	increased_SHANK3_expression	scored	Scores are transparent heuristics; not experimental validation	7	FALSE
ASO_4_5_2_6	ELAVL4	3	activating_stabilizing	activating_stabilizing	stabilization	FALSE	FALSE	TRUE	+1 expression prior | +2 activating/stabilizing function (phenotype-compatible if occlusion relieves repression OR displacement of repressor — context needed)	increased_SHANK3_expression	scored	Scores are transparent heuristics; not experimental validation	7	FALSE
ASO_4_5_2_4	FMR1	3	other	context_dependent	translation	FALSE	TRUE	TRUE	+3 motif+expression	increased_SHANK3_expression	scored	Scores are transparent heuristics; not experimental validation	8	FALSE
ASO_4_5_2_6	FMR1	3	other	context_dependent	translation	FALSE	TRUE	TRUE	+3 motif+expression	increased_SHANK3_expression	scored	Scores are transparent heuristics; not experimental validation	8	FALSE
ASO_4_5_2_4	IGF2BP1	3	activating_stabilizing	activating_stabilizing	stabilization	FALSE	FALSE	TRUE	+1 expression prior | +2 activating/stabilizing function (phenotype-compatible if occlusion relieves repression OR displacement of repressor — context needed)	increased_SHANK3_expression	scored	Scores are transparent heuristics; not experimental validation	9	FALSE
ASO_4_5_2_6	IGF2BP1	3	activating_stabilizing	activating_stabilizing	stabilization	FALSE	FALSE	TRUE	+1 expression prior | +2 activating/stabilizing function (phenotype-compatible if occlusion relieves repression OR displacement of repressor — context needed)	increased_SHANK3_expression	scored	Scores are transparent heuristics; not experimental validation	9	FALSE
ASO_4_5_2_4	PUM2	3	repressive	repressive	repression	FALSE	FALSE	TRUE	+1 expression prior | +2 repressive function (occlusion could increase expression)	increased_SHANK3_expression	scored	Scores are transparent heuristics; not experimental validation	10	FALSE
ASO_4_5_2_6	PUM2	3	repressive	repressive	repression	FALSE	FALSE	TRUE	+1 expression prior | +2 repressive function (occlusion could increase expression)	increased_SHANK3_expression	scored	Scores are transparent heuristics; not experimental validation	10	FALSE
ASO_4_5_2_4	UPF1	3	repressive	repressive	surveillance	FALSE	FALSE	TRUE	+1 expression prior | +2 repressive function (occlusion could increase expression)	increased_SHANK3_expression	scored	Scores are transparent heuristics; not experimental validation	11	FALSE
ASO_4_5_2_6	UPF1	3	repressive	repressive	surveillance	FALSE	FALSE	TRUE	+1 expression prior | +2 repressive function (occlusion could increase expression)	increased_SHANK3_expression	scored	Scores are transparent heuristics; not experimental validation	11	FALSE
ASO_4_5_2_4	CELF4	2	splicing	context_dependent	splicing	FALSE	FALSE	TRUE	+1 expression prior | +1 splicing/processing	increased_SHANK3_expression	scored	Scores are transparent heuristics; not experimental validation	12	FALSE
ASO_4_5_2_6	CELF4	2	splicing	context_dependent	splicing	FALSE	FALSE	TRUE	+1 expression prior | +1 splicing/processing	increased_SHANK3_expression	scored	Scores are transparent heuristics; not experimental validation	12	FALSE
ASO_4_5_2_4	MOV10	2	structure_related	structure_related	remodeling	FALSE	FALSE	TRUE	+1 expression prior | +1 structure-related	increased_SHANK3_expression	scored	Scores are transparent heuristics; not experimental validation	13	FALSE
ASO_4_5_2_6	MOV10	2	structure_related	structure_related	remodeling	FALSE	FALSE	TRUE	+1 expression prior | +1 structure-related	increased_SHANK3_expression	scored	Scores are transparent heuristics; not experimental validation	13	FALSE
ASO_4_5_2_4	ATXN2	1	other	context_dependent	translation	FALSE	FALSE	TRUE	+1 expression prior	increased_SHANK3_expression	scored	Scores are transparent heuristics; not experimental validation	14	FALSE
ASO_4_5_2_6	ATXN2	1	other	context_dependent	translation	FALSE	FALSE	TRUE	+1 expression prior	increased_SHANK3_expression	scored	Scores are transparent heuristics; not experimental validation	14	FALSE
ASO_4_5_2_4	CSTF2	1	other	processing	processing	FALSE	FALSE	TRUE	+1 expression prior	increased_SHANK3_expression	scored	Scores are transparent heuristics; not experimental validation	15	FALSE
ASO_4_5_2_6	CSTF2	1	other	processing	processing	FALSE	FALSE	TRUE	+1 expression prior	increased_SHANK3_expression	scored	Scores are transparent heuristics; not experimental validation	15	FALSE
ASO_4_5_2_4	HNRNPA2B1	1	other	context_dependent	processing	FALSE	FALSE	TRUE	+1 expression prior	increased_SHANK3_expression	scored	Scores are transparent heuristics; not experimental validation	16	FALSE
ASO_4_5_2_6	HNRNPA2B1	1	other	context_dependent	processing	FALSE	FALSE	TRUE	+1 expression prior	increased_SHANK3_expression	scored	Scores are transparent heuristics; not experimental validation	16	FALSE
ASO_4_5_2_4	LIN28A	1	other	context_dependent	translation	FALSE	FALSE	TRUE	+1 expression prior	increased_SHANK3_expression	scored	Scores are transparent heuristics; not experimental validation	17	FALSE
ASO_4_5_2_6	LIN28A	1	other	context_dependent	translation	FALSE	FALSE	TRUE	+1 expression prior	increased_SHANK3_expression	scored	Scores are transparent heuristics; not experimental validation	17	FALSE
ASO_4_5_2_4	TDP43	1	other	context_dependent	stability	FALSE	FALSE	TRUE	+1 expression prior	increased_SHANK3_expression	scored	Scores are transparent heuristics; not experimental validation	18	FALSE
ASO_4_5_2_6	TDP43	1	other	context_dependent	stability	FALSE	FALSE	TRUE	+1 expression prior	increased_SHANK3_expression	scored	Scores are transparent heuristics; not experimental validation	18	FALSE
