aso_id	mechanism_label	hypothesis_score	rank	is_top	rnase_h_status	rnase_h_supported	chemistry_architecture	chemistry_moe	chemistry_ps	chemistry_5mdC	exact_shank3_match	approximate_shank3_match	top_rbps	rationale	caveat	status	warning
ASO_4_5_2_4	RBP occlusion	8	1	TRUE	unknown	FALSE	unknown	TRUE	TRUE	TRUE	TRUE	TRUE	PTBP2,RBFOX1,RBFOX3,SRSF1,AGO2	+3 Rule3/4: occlusion of repressor can increase expression; PS favors protein engagement || +2 Rule5: 2'-MOE favors occupancy/steric mechanisms over cleavage || +3 Top RBPs include repressive class	Hypothesis only. Do not treat as confirmed mechanism. 	scored	Chemistry-aware ranking; not experimental proof
ASO_4_5_2_4	RNA stabilization	3	2	FALSE	unknown	FALSE	unknown	TRUE	TRUE	TRUE	TRUE	TRUE	PTBP2,RBFOX1,RBFOX3,SRSF1,AGO2	+2 Rule3: phenotype-compatible (stabilization) || +1 Occupancy mechanisms can stabilize RNA in some contexts (hypothesis)	Hypothesis only. Do not treat as confirmed mechanism. 	scored	Chemistry-aware ranking; not experimental proof
ASO_4_5_2_4	splicing or processing	3	3	FALSE	unknown	FALSE	unknown	TRUE	TRUE	TRUE	TRUE	TRUE	PTBP2,RBFOX1,RBFOX3,SRSF1,AGO2	+3 Splicing-related RBP prioritized	Hypothesis only. Do not treat as confirmed mechanism. 	scored	Chemistry-aware ranking; not experimental proof
ASO_4_5_2_4	unresolved	3	4	FALSE	unknown	FALSE	unknown	TRUE	TRUE	TRUE	TRUE	TRUE	PTBP2,RBFOX1,RBFOX3,SRSF1,AGO2	+1 Rule6: 5m-dC may alter recognition vs unmodified models || +2 Rule8: sequence/DB evidence alone cannot confirm mechanism	Hypothesis only. Do not treat as confirmed mechanism. 	scored	Chemistry-aware ranking; not experimental proof
ASO_4_5_2_4	RBP displacement	2	5	FALSE	unknown	FALSE	unknown	TRUE	TRUE	TRUE	TRUE	TRUE	PTBP2,RBFOX1,RBFOX3,SRSF1,AGO2	+2 Rule4: PS ASO may displace RBP complexes	Hypothesis only. Do not treat as confirmed mechanism. 	scored	Chemistry-aware ranking; not experimental proof
ASO_4_5_2_4	RNA-structure remodeling	2	6	FALSE	unknown	FALSE	unknown	TRUE	TRUE	TRUE	TRUE	TRUE	PTBP2,RBFOX1,RBFOX3,SRSF1,AGO2	+2 Rule7: site structure context available (still hypothetical)	Hypothesis only. Do not treat as confirmed mechanism. 	scored	Chemistry-aware ranking; not experimental proof
ASO_4_5_2_4	translation regulation	1	7	FALSE	unknown	FALSE	unknown	TRUE	TRUE	TRUE	TRUE	TRUE	PTBP2,RBFOX1,RBFOX3,SRSF1,AGO2	+1 Repressor occlusion may affect translation/stability	Hypothesis only. Do not treat as confirmed mechanism. 	scored	Chemistry-aware ranking; not experimental proof
ASO_4_5_2_4	transcriptional/enhancer regulation	0	8	FALSE	unknown	FALSE	unknown	TRUE	TRUE	TRUE	TRUE	TRUE	PTBP2,RBFOX1,RBFOX3,SRSF1,AGO2		Hypothesis only. Do not treat as confirmed mechanism. 	scored	Chemistry-aware ranking; not experimental proof
ASO_4_5_2_4	off-target mechanism	0	9	FALSE	unknown	FALSE	unknown	TRUE	TRUE	TRUE	TRUE	TRUE	PTBP2,RBFOX1,RBFOX3,SRSF1,AGO2	+0 Exact SHANK3 match present; off-target still possible	Hypothesis only. Do not treat as confirmed mechanism. 	scored	Chemistry-aware ranking; not experimental proof
ASO_4_5_2_4	RNase-H-mediated degradation	-10	10	FALSE	unknown	FALSE	unknown	TRUE	TRUE	TRUE	TRUE	TRUE	PTBP2,RBFOX1,RBFOX3,SRSF1,AGO2	-5 Rule2: rnase_h_compatible=unknown; architecture=unknown (Rule1: not assumed gapmer) || -3 Rule3: phenotype is increased SHANK3 — on-target RNase-H cleavage typically decreases RNA || -2 Rule5: MOE-rich designs often reduce RNase-H activity (architecture still unknown)	Hypothesis only. Do not treat as confirmed mechanism. 	scored	Chemistry-aware ranking; not experimental proof
ASO_4_5_2_6	RBP occlusion	8	1	TRUE	unknown	FALSE	unknown	TRUE	TRUE	TRUE	TRUE	FALSE	PTBP2,RBFOX1,RBFOX3,SRSF1,AGO2	+3 Rule3/4: occlusion of repressor can increase expression; PS favors protein engagement || +2 Rule5: 2'-MOE favors occupancy/steric mechanisms over cleavage || +3 Top RBPs include repressive class	Hypothesis only. Do not treat as confirmed mechanism. 	scored	Chemistry-aware ranking; not experimental proof
ASO_4_5_2_6	RNA stabilization	3	2	FALSE	unknown	FALSE	unknown	TRUE	TRUE	TRUE	TRUE	FALSE	PTBP2,RBFOX1,RBFOX3,SRSF1,AGO2	+2 Rule3: phenotype-compatible (stabilization) || +1 Occupancy mechanisms can stabilize RNA in some contexts (hypothesis)	Hypothesis only. Do not treat as confirmed mechanism. 	scored	Chemistry-aware ranking; not experimental proof
ASO_4_5_2_6	splicing or processing	3	3	FALSE	unknown	FALSE	unknown	TRUE	TRUE	TRUE	TRUE	FALSE	PTBP2,RBFOX1,RBFOX3,SRSF1,AGO2	+3 Splicing-related RBP prioritized	Hypothesis only. Do not treat as confirmed mechanism. 	scored	Chemistry-aware ranking; not experimental proof
ASO_4_5_2_6	unresolved	3	4	FALSE	unknown	FALSE	unknown	TRUE	TRUE	TRUE	TRUE	FALSE	PTBP2,RBFOX1,RBFOX3,SRSF1,AGO2	+1 Rule6: 5m-dC may alter recognition vs unmodified models || +2 Rule8: sequence/DB evidence alone cannot confirm mechanism	Hypothesis only. Do not treat as confirmed mechanism. 	scored	Chemistry-aware ranking; not experimental proof
ASO_4_5_2_6	RBP displacement	2	5	FALSE	unknown	FALSE	unknown	TRUE	TRUE	TRUE	TRUE	FALSE	PTBP2,RBFOX1,RBFOX3,SRSF1,AGO2	+2 Rule4: PS ASO may displace RBP complexes	Hypothesis only. Do not treat as confirmed mechanism. 	scored	Chemistry-aware ranking; not experimental proof
ASO_4_5_2_6	RNA-structure remodeling	2	6	FALSE	unknown	FALSE	unknown	TRUE	TRUE	TRUE	TRUE	FALSE	PTBP2,RBFOX1,RBFOX3,SRSF1,AGO2	+2 Rule7: site structure context available (still hypothetical)	Hypothesis only. Do not treat as confirmed mechanism. 	scored	Chemistry-aware ranking; not experimental proof
ASO_4_5_2_6	translation regulation	1	7	FALSE	unknown	FALSE	unknown	TRUE	TRUE	TRUE	TRUE	FALSE	PTBP2,RBFOX1,RBFOX3,SRSF1,AGO2	+1 Repressor occlusion may affect translation/stability	Hypothesis only. Do not treat as confirmed mechanism. 	scored	Chemistry-aware ranking; not experimental proof
ASO_4_5_2_6	transcriptional/enhancer regulation	0	8	FALSE	unknown	FALSE	unknown	TRUE	TRUE	TRUE	TRUE	FALSE	PTBP2,RBFOX1,RBFOX3,SRSF1,AGO2		Hypothesis only. Do not treat as confirmed mechanism. 	scored	Chemistry-aware ranking; not experimental proof
ASO_4_5_2_6	off-target mechanism	0	9	FALSE	unknown	FALSE	unknown	TRUE	TRUE	TRUE	TRUE	FALSE	PTBP2,RBFOX1,RBFOX3,SRSF1,AGO2	+0 Exact SHANK3 match present; off-target still possible	Hypothesis only. Do not treat as confirmed mechanism. 	scored	Chemistry-aware ranking; not experimental proof
ASO_4_5_2_6	RNase-H-mediated degradation	-10	10	FALSE	unknown	FALSE	unknown	TRUE	TRUE	TRUE	TRUE	FALSE	PTBP2,RBFOX1,RBFOX3,SRSF1,AGO2	-5 Rule2: rnase_h_compatible=unknown; architecture=unknown (Rule1: not assumed gapmer) || -3 Rule3: phenotype is increased SHANK3 — on-target RNase-H cleavage typically decreases RNA || -2 Rule5: MOE-rich designs often reduce RNase-H activity (architecture still unknown)	Hypothesis only. Do not treat as confirmed mechanism. 	scored	Chemistry-aware ranking; not experimental proof
