region,region_full,group,genotype,treatment,replicate,expression,source_file,notes
CTX,Cortex,HT-Veh,HT,Veh,1,0.48632747,CTX_table_screenshot.png,
CTX,Cortex,HT-Veh,HT,Veh,2,0.36602142,CTX_table_screenshot.png,
CTX,Cortex,HT-Veh,HT,Veh,3,0.32759835,CTX_table_screenshot.png,
CTX,Cortex,HT-Veh,HT,Veh,4,0.61557221,CTX_table_screenshot.png,
CTX,Cortex,HT-Veh,HT,Veh,5,0.51763246,CTX_table_screenshot.png,
CTX,Cortex,HT-New SCR,HT,New SCR,1,0.20877198,CTX_table_screenshot.png,
CTX,Cortex,HT-New SCR,HT,New SCR,2,0.295248165,CTX_table_screenshot.png,
CTX,Cortex,HT-New SCR,HT,New SCR,3,0.400534939,CTX_table_screenshot.png,
CTX,Cortex,HT-New SCR,HT,New SCR,4,0.207329886,CTX_table_screenshot.png,
CTX,Cortex,HT-New SCR,HT,New SCR,5,0.207329886,CTX_table_screenshot.png,
CTX,Cortex,HT-New SCR,HT,New SCR,6,0.184283652,CTX_table_screenshot.png,
CTX,Cortex,HT-New SCR,HT,New SCR,7,0.295248165,CTX_table_screenshot.png,
CTX,Cortex,"HT-2,6",HT,2.6,1,0.13584186,CTX_table_screenshot.png,
CTX,Cortex,"HT-2,6",HT,2.6,2,0.15177436,CTX_table_screenshot.png,
CTX,Cortex,"HT-2,6",HT,2.6,3,0.53961412,CTX_table_screenshot.png,
CTX,Cortex,"HT-2,6",HT,2.6,4,0.13678671,CTX_table_screenshot.png,
CTX,Cortex,"HT-2,6",HT,2.6,5,0.02076072,CTX_table_screenshot.png,
CTX,Cortex,"HT-2,6",HT,2.6,6,0.22375627,CTX_table_screenshot.png,
CTX,Cortex,WT-Veh,WT,Veh,1,0.53588673,CTX_table_screenshot.png,
CTX,Cortex,WT-Veh,WT,Veh,2,0.33217145,CTX_table_screenshot.png,
CTX,Cortex,WT-New SCR,WT,New SCR,1,0.23651441,CTX_table_screenshot.png,
CTX,Cortex,WT-New SCR,WT,New SCR,2,0.51405691,CTX_table_screenshot.png,
CTX,Cortex,WT-New SCR,WT,New SCR,3,0.25,CTX_table_screenshot.png,
CTX,Cortex,WT-New SCR,WT,New SCR,4,0.27168372,CTX_table_screenshot.png,
CTX,Cortex,"WT-2,6",WT,2.6,1,0.697371833,CTX_table_screenshot.png,
CTX,Cortex,"WT-2,6",WT,2.6,2,0.823591017,CTX_table_screenshot.png,
CTX,Cortex,"WT-2,6",WT,2.6,3,0.486327474,CTX_table_screenshot.png,
CTX,Cortex,"WT-2,6",WT,2.6,4,0.312082637,CTX_table_screenshot.png,
CTX,Cortex,"WT-2,6",WT,2.6,5,0.348685917,CTX_table_screenshot.png,
STR,Striatum,HT-Veh,HT,Veh,1,0.38958229,STR_table_screenshot.png,
STR,Striatum,HT-Veh,HT,Veh,2,0.16724094,STR_table_screenshot.png,
STR,Striatum,HT-Veh,HT,Veh,3,0.22375627,STR_table_screenshot.png,
STR,Striatum,HT-Veh,HT,Veh,4,0.24316374,STR_table_screenshot.png,
STR,Striatum,HT-Veh,HT,Veh,5,0.4665165,STR_table_screenshot.png,
STR,Striatum,HT-New SCR,HT,New SCR,1,0.09944206,STR_table_screenshot.png,
STR,Striatum,HT-New SCR,HT,New SCR,2,0.22531262,STR_table_screenshot.png,
STR,Striatum,HT-New SCR,HT,New SCR,3,0.24655818,STR_table_screenshot.png,
STR,Striatum,HT-New SCR,HT,New SCR,4,0.18685616,STR_table_screenshot.png,
STR,Striatum,HT-New SCR,HT,New SCR,5,0.08597136,STR_table_screenshot.png,
STR,Striatum,HT-New SCR,HT,New SCR,6,0.21763764,STR_table_screenshot.png,
STR,Striatum,"HT-2,6",HT,2.6,1,0.10366494,STR_table_screenshot.png,
STR,Striatum,"HT-2,6",HT,2.6,2,0.0953912,STR_table_screenshot.png,
STR,Striatum,"HT-2,6",HT,2.6,3,0.26609255,STR_table_screenshot.png,
STR,Striatum,"HT-2,6",HT,2.6,4,0.09807301,STR_table_screenshot.png,
STR,Striatum,"HT-2,6",HT,2.6,5,0.11187813,STR_table_screenshot.png,
STR,Striatum,"HT-2,6",HT,2.6,6,0.21613431,STR_table_screenshot.png,
STR,Striatum,WT-Veh,WT,Veh,1,0.17924441,STR_table_screenshot.png,
STR,Striatum,WT-Veh,WT,Veh,2,0.18815584,STR_table_screenshot.png,
STR,Striatum,WT-New SCR,WT,New SCR,1,0.3842188,STR_table_screenshot.png,
STR,Striatum,WT-New SCR,WT,New SCR,2,0.21168633,STR_table_screenshot.png,
STR,Striatum,WT-New SCR,WT,New SCR,3,0.10438599,STR_table_screenshot.png,
STR,Striatum,WT-New SCR,WT,New SCR,4,0.20447551,STR_table_screenshot.png,
STR,Striatum,"WT-2,6",WT,2.6,1,0.22687979,STR_table_screenshot.png,
STR,Striatum,"WT-2,6",WT,2.6,2,0.21763764,STR_table_screenshot.png,
STR,Striatum,"WT-2,6",WT,2.6,3,0.06745176,STR_table_screenshot.png,
STR,Striatum,"WT-2,6",WT,2.6,4,0.27547628,STR_table_screenshot.png,
STR,Striatum,"WT-2,6",WT,2.6,5,0.34868592,STR_table_screenshot.png,
