day,region,region_label,genotype,group1,group2,treatment1,treatment2,contrast,n_group1,n_group2,mean_diff,anova_df1,anova_df2,anova_F,anova_p,test,p_adj,p_adj_method,significance,note
7,CTX,Cortex (CTX),HT,HT-Veh,HT-New SCR,Veh,New SCR,New SCR-Veh,5,7,-0.20566657157142854,2,15,6.117471242577786,0.011408695119952572,one-way ANOVA + Tukey HSD,0.03916305869683079,Tukey HSD,*,
7,CTX,Cortex (CTX),HT,HT-Veh,"HT-2,6",Veh,2.6,2.6-Veh,5,6,-0.26120804200000003,2,15,6.117471242577786,0.011408695119952572,one-way ANOVA + Tukey HSD,0.011545407814372077,Tukey HSD,*,
7,CTX,Cortex (CTX),HT,HT-New SCR,"HT-2,6",New SCR,2.6,2.6-New SCR,7,6,-0.055541470428571466,2,15,6.117471242577786,0.011408695119952572,one-way ANOVA + Tukey HSD,0.7236939779609473,Tukey HSD,ns,
7,CTX,Cortex (CTX),WT,WT-Veh,WT-New SCR,Veh,New SCR,New SCR-Veh,2,4,-0.11596533000000031,2,8,1.5355490247417924,0.2726447627917268,one-way ANOVA + Tukey HSD,0.7532730742985254,Tukey HSD,ns,"Low power / caution: min n=2 in region×day×genotype (day 7, CTX WT)"
7,CTX,Cortex (CTX),WT,WT-Veh,"WT-2,6",Veh,2.6,2.6-Veh,2,5,0.09958268559999972,2,8,1.5355490247417924,0.2726447627917268,one-way ANOVA + Tukey HSD,0.7980765334864053,Tukey HSD,ns,"Low power / caution: min n=2 in region×day×genotype (day 7, CTX WT)"
7,CTX,Cortex (CTX),WT,WT-New SCR,"WT-2,6",New SCR,2.6,2.6-New SCR,4,5,0.21554801560000003,2,8,1.5355490247417924,0.2726447627917268,one-way ANOVA + Tukey HSD,0.24534005986994323,Tukey HSD,ns,"Low power / caution: min n=2 in region×day×genotype (day 7, CTX WT)"
21,CTX,Cortex (CTX),HT,HT-Veh,HT-New SCR,Veh,New SCR,New SCR-Veh,2,3,0.014184610000000014,2,5,0.34408703075732694,0.7244239781426316,one-way ANOVA + Tukey HSD,0.771394915421615,Tukey HSD,ns,"Low power / caution: min n=2 in region×day×genotype (day 21, CTX HT)"
21,CTX,Cortex (CTX),HT,HT-Veh,"HT-2,6",Veh,2.6,2.6-Veh,2,3,0.0014661966666666831,2,5,0.34408703075732694,0.7244239781426316,one-way ANOVA + Tukey HSD,0.9970799336217573,Tukey HSD,ns,"Low power / caution: min n=2 in region×day×genotype (day 21, CTX HT)"
21,CTX,Cortex (CTX),HT,HT-New SCR,"HT-2,6",New SCR,2.6,2.6-New SCR,3,3,-0.012718413333333331,2,5,0.34408703075732694,0.7244239781426316,one-way ANOVA + Tukey HSD,0.7704569319569209,Tukey HSD,ns,"Low power / caution: min n=2 in region×day×genotype (day 21, CTX HT)"
7,STR,Striatum (STR),HT,HT-Veh,HT-New SCR,Veh,New SCR,New SCR-Veh,5,6,-0.12108894466666661,2,14,4.16208261133478,0.03814781370163665,one-way ANOVA + Tukey HSD,0.10079725753900837,Tukey HSD,ns,
7,STR,Striatum (STR),HT,HT-Veh,"HT-2,6",Veh,2.6,2.6-Veh,5,6,-0.14951292466666657,2,14,4.16208261133478,0.03814781370163665,one-way ANOVA + Tukey HSD,0.03893495203041031,Tukey HSD,*,
7,STR,Striatum (STR),HT,HT-New SCR,"HT-2,6",New SCR,2.6,2.6-New SCR,6,6,-0.02842397999999996,2,14,4.16208261133478,0.03814781370163665,one-way ANOVA + Tukey HSD,0.8488381292414414,Tukey HSD,ns,
7,STR,Striatum (STR),WT,WT-Veh,WT-New SCR,Veh,New SCR,New SCR-Veh,2,4,0.0424915324999999,2,8,0.14597167880186315,0.8664323135888515,one-way ANOVA + Tukey HSD,0.8820491302611857,Tukey HSD,ns,"Low power / caution: min n=2 in region×day×genotype (day 7, STR WT)"
7,STR,Striatum (STR),WT,WT-Veh,"WT-2,6",Veh,2.6,2.6-Veh,2,5,0.04352615299999987,2,8,0.14597167880186315,0.8664323135888515,one-way ANOVA + Tukey HSD,0.8686462258911043,Tukey HSD,ns,"Low power / caution: min n=2 in region×day×genotype (day 7, STR WT)"
7,STR,Striatum (STR),WT,WT-New SCR,"WT-2,6",New SCR,2.6,2.6-New SCR,4,5,0.001034620499999972,2,8,0.14597167880186315,0.8664323135888515,one-way ANOVA + Tukey HSD,0.9998739540537804,Tukey HSD,ns,"Low power / caution: min n=2 in region×day×genotype (day 7, STR WT)"
21,STR,Striatum (STR),HT,HT-Veh,HT-New SCR,Veh,New SCR,New SCR-Veh,2,3,4.3498333333334693e-4,2,5,3.3527083694510784,0.11924984149183453,one-way ANOVA + Tukey HSD,0.9997169065861983,Tukey HSD,ns,"Low power / caution: min n=2 in region×day×genotype (day 21, STR HT)"
21,STR,Striatum (STR),HT,HT-Veh,"HT-2,6",Veh,2.6,2.6-Veh,2,3,0.04002187,2,5,3.3527083694510784,0.11924984149183453,one-way ANOVA + Tukey HSD,0.18765534847097698,Tukey HSD,ns,"Low power / caution: min n=2 in region×day×genotype (day 21, STR HT)"
21,STR,Striatum (STR),HT,HT-New SCR,"HT-2,6",New SCR,2.6,2.6-New SCR,3,3,0.039586886666666654,2,5,3.3527083694510784,0.11924984149183453,one-way ANOVA + Tukey HSD,0.14507554809860035,Tukey HSD,ns,"Low power / caution: min n=2 in region×day×genotype (day 21, STR HT)"
