day_num,region,group,genotype,treatment,n,mean,sd,sem
7,CTX,HT-Veh,HT,Veh,5,0.46263038199999995,0.11677427426529555,0.052223043056081025
7,CTX,HT-New SCR,HT,New SCR,7,0.2569638104285714,0.07754134749366098,0.029307874541866934
7,CTX,"HT-2,6",HT,2.6,6,0.20142234,0.17801943229346923,0.07267612890315622
7,CTX,WT-Veh,WT,Veh,2,0.43402909,0.14404845591931625,0.10185763999999999
7,CTX,WT-New SCR,WT,New SCR,4,0.31806376000000003,0.13146278924482038,0.06573139462241019
7,CTX,"WT-2,6",WT,2.6,5,0.5336117756000001,0.22159301345494614,0.09909940828485701
7,STR,HT-Veh,HT,Veh,5,0.298051948,0.1249021534523171,0.05585794113109821
7,STR,HT-New SCR,HT,New SCR,6,0.1769630033333333,0.06815049592727133,0.027822323456572984
7,STR,"HT-2,6",HT,2.6,6,0.14853902333333333,0.07364396579918267,0.030065023140495525
7,STR,WT-Veh,WT,Veh,2,0.183700125,0.006301332583069234,0.004455714999999999
7,STR,WT-New SCR,WT,New SCR,4,0.2261916575,0.11617686802165034,0.05808843401082517
7,STR,"WT-2,6",WT,2.6,5,0.227226278,0.10332045533500334,0.04620631231905965
21,CTX,HT-Veh,HT,Veh,2,0.06493493,0.0012729760538988926,9.001299999999989e-4
21,CTX,HT-New SCR,HT,New SCR,3,0.07911954,0.03359176901252895,0.01939421688193932
21,CTX,"HT-2,6",HT,2.6,3,0.06640112666666667,0.009269717125405353,0.0053518736776644645
21,STR,HT-Veh,HT,Veh,2,0.037465269999999995,0.002568777514694489,0.001816399999999999
21,STR,HT-New SCR,HT,New SCR,3,0.037900253333333335,0.02530102313080903,0.014607552515345542
21,STR,"HT-2,6",HT,2.6,3,0.07748714,0.021489753068504536,0.012407114718919681
